{
  "order_vars": [
    10.21942,
    14.436789999999998,
    33.16725000000001
  ],
  "demand_vars": [
    10.40624,
    10.21942,
    14.436789999999998
  ]
}