{
  "order_vars": [
    1.6721,
    0.7271600000000003,
    0.19979999999999998
  ],
  "demand_vars": [
    23.333109999999998,
    1.6721,
    0.7271600000000003
  ]
}