{
  "order_vars": [
    21.30708,
    11.549879999999998,
    8.076689999999997
  ],
  "demand_vars": [
    22.945240000000002,
    21.30708,
    11.549879999999998
  ]
}