{
  "order_vars": [
    11.87328,
    15.268679999999998,
    31.51364
  ],
  "demand_vars": [
    9.812059999999999,
    11.87328,
    15.268679999999998
  ]
}