{
  "order_vars": [
    16.597929999999998,
    15.06831,
    13.170700000000002
  ],
  "demand_vars": [
    22.84338,
    16.597929999999998,
    15.06831
  ]
}