{
  "order_vars": [
    2.2980100000000006,
    3.73743,
    0.9827600000000001
  ],
  "demand_vars": [
    10.131319999999999,
    2.2980100000000006,
    3.73743
  ]
}