{
  "order_vars": [
    6.769720000000001,
    2.57383,
    0.0
  ],
  "demand_vars": [
    10.40624,
    6.769720000000001,
    2.57383
  ]
}