{
  "order_vars": [
    5.82025,
    9.41547,
    24.61584
  ],
  "demand_vars": [
    10.131319999999999,
    5.82025,
    9.41547
  ]
}