{
  "order_vars": [
    5.04579,
    0.9184000000000001,
    0.23845
  ],
  "demand_vars": [
    22.84338,
    5.04579,
    0.9184000000000001
  ]
}