{
  "order_vars": [
    6.263039999999999,
    5.83245,
    6.0755
  ],
  "demand_vars": [
    9.812059999999999,
    6.263039999999999,
    5.83245
  ]
}