{
  "order_vars": [
    30.52012,
    25.01338,
    0.0
  ],
  "demand_vars": [
    23.333109999999998,
    30.52012,
    25.01338
  ]
}