{
  "order_vars": [
    20.856659999999998,
    4.8387699999999985,
    0.14873999999999998
  ],
  "demand_vars": [
    22.945240000000002,
    20.856659999999998,
    4.8387699999999985
  ]
}