{
  "order_vars": [
    3.8255599999999985,
    4.53505,
    12.378020000000003
  ],
  "demand_vars": [
    10.131319999999999,
    3.8255599999999985,
    4.53505
  ]
}