{
  "order_vars": [
    6.4774199999999995,
    8.872199999999998,
    27.755869999999994
  ],
  "demand_vars": [
    10.40624,
    6.4774199999999995,
    8.872199999999998
  ]
}