{
  "order_vars": [
    28.739069999999998,
    24.11522,
    22.561200000000003
  ],
  "demand_vars": [
    23.333109999999998,
    28.739069999999998,
    24.11522
  ]
}