{
  "order_vars": [
    1.26714,
    2.4755700000000003,
    0.8420799999999998
  ],
  "demand_vars": [
    22.945240000000002,
    1.26714,
    2.4755700000000003
  ]
}