{
  "order_vars": [
    1.48148,
    14.76944,
    19.17521
  ],
  "demand_vars": [
    9.812059999999999,
    1.48148,
    14.76944
  ]
}