{
  "order_vars": [
    18.501380000000005,
    10.73491,
    28.64443
  ],
  "demand_vars": [
    22.945240000000002,
    18.501380000000005,
    10.73491
  ]
}