{
  "order_vars": [
    8.01787,
    14.51397,
    41.786939999999994
  ],
  "demand_vars": [
    9.812059999999999,
    8.01787,
    14.51397
  ]
}