{
  "order_vars": [
    1.4551399999999999,
    1.71711,
    6.345599999999999
  ],
  "demand_vars": [
    22.84338,
    1.4551399999999999,
    1.71711
  ]
}