{
  "order_vars": [
    24.651690000000002,
    8.833960000000001,
    17.87218
  ],
  "demand_vars": [
    22.84338,
    24.651690000000002,
    8.833960000000001
  ]
}