{
  "order_vars": [
    11.18667,
    12.673049999999998,
    46.50555000000001
  ],
  "demand_vars": [
    10.131319999999999,
    11.18667,
    12.673049999999998
  ]
}