{
  "order_vars": [
    4.24268,
    1.7352900000000002,
    0.0
  ],
  "demand_vars": [
    23.333109999999998,
    4.24268,
    1.7352900000000002
  ]
}