{
  "order_vars": [
    6.978650000000002,
    13.182119999999998,
    26.713119999999993
  ],
  "demand_vars": [
    10.40624,
    6.978650000000002,
    13.182119999999998
  ]
}