{
  "order_vars": [
    0.0,
    0.0,
    0.0
  ],
  "demand_vars": [
    0.0,
    12.690000000000001,
    15.889999999999997
  ]
}